[
  {
    "Id": 1,
    "Title": "Task 1",
    "Status": 0,
    "AssignTo": "Diven"
  },
  {
    "Id": 2,
    "Title": "Task 2",
    "Status": 1,
    "AssignTo": "Sachin"
  },
  {
    "Id": 3,
    "Title": "Task 3",
    "Status": 1,
    "AssignTo": "Vikas"
  },
  {
    "Id": 4,
    "Title": "s",
    "Status": 1,
    "AssignTo": "Pareen"
  },
  {
    "Id": 5,
    "Title": "t",
    "Status": 2,
    "AssignTo": "Vishva"
  },
  {
    "Id": 6,
    "Title": "Blazor",
    "Status": 1,
    "AssignTo": "Isha"
  },
  {
    "Id": 7,
    "Title": "JS",
    "Status": 1,
    "AssignTo": "Pareen"
  },
  {
    "Id": 8,
    "Title": "dd",
    "Status": 1,
    "AssignTo": "Isha"
  },
  {
    "Id": 9,
    "Title": "d",
    "Status": 1,
    "AssignTo": "Vishva"
  },
  {
    "Id": 10,
    "Title": "1212",
    "Status": 1,
    "AssignTo": "Isha"
  },
  {
    "Id": 11,
    "Title": "sff",
    "Status": 2,
    "AssignTo": "Vishva"
  }
]